controller,seed,net_profit,total_revenue,total_cost,served_customers,rejected_customers,mean_soc_fulfillment,total_compute_s,mean_step_ms,gap_to_best,ports,experiment_id,tariff,bess_enabled,v2g_enabled,solver
milp_h1,0,35.77782546912475,149.7089092011893,113.93108373206455,9,224,0.9966674304666521,4.407599299331196,15.304164233788875,0.4750177212290154,3,dynamic_1_3_p3_6_12_h1_3_6_12,dynamic:1.3,True,True,highs
milp_h1,1,35.06509987884465,146.57498853891872,111.50988866007407,9,223,0.7795695473590564,4.556944699608721,15.82272465141917,-0.23770786905108565,3,dynamic_1_3_p3_6_12_h1_3_6_12,dynamic:1.3,True,True,highs
milp_h1,2,33.79990614385099,141.51425996148876,107.71435381763777,6,235,0.9983711705837773,4.240460600180086,14.723821528403075,-1.5029016040447445,3,dynamic_1_3_p3_6_12_h1_3_6_12,dynamic:1.3,True,True,highs
milp_h1,3,35.88303543226391,150.3013174682505,114.41828203598658,8,225,0.9988173624404765,4.262915800209157,14.801790972948462,0.5802276843681753,3,dynamic_1_3_p3_6_12_h1_3_6_12,dynamic:1.3,True,True,highs
milp_h1,4,38.327794977725745,160.75411199587384,122.4263170181481,7,232,0.9985805703405464,4.225068300263956,14.67037604258318,3.0249872298300104,3,dynamic_1_3_p3_6_12_h1_3_6_12,dynamic:1.3,True,True,highs
milp_h1,5,33.71819451352309,140.79805964592248,107.07986513239939,9,245,0.9986918062025767,4.795798799837939,16.652079166103956,-1.5846132343726467,3,dynamic_1_3_p3_6_12_h1_3_6_12,dynamic:1.3,True,True,highs
milp_h1,6,36.997931247722605,155.04089203056841,118.04296078284581,9,270,0.7968468199094542,4.111849100503605,14.277253821193073,1.6951234998268703,3,dynamic_1_3_p3_6_12_h1_3_6_12,dynamic:1.3,True,True,highs
milp_h1,7,27.87098719354553,115.9760919291441,88.10510473559857,8,219,0.9970233026422637,4.193544999929145,14.560920138642864,-7.431820554350203,3,dynamic_1_3_p3_6_12_h1_3_6_12,dynamic:1.3,True,True,highs
milp_h1,8,33.04723891716168,137.80146730642483,104.75422838926315,7,239,0.8042142756700751,4.222507399914321,14.66148402748028,-2.255568830734056,3,dynamic_1_3_p3_6_12_h1_3_6_12,dynamic:1.3,True,True,highs
milp_h1,9,41.87920959991723,175.9173983526813,134.03818875276406,9,259,0.7258890959602696,4.042452200665139,14.036292363420621,6.5764018520214975,3,dynamic_1_3_p3_6_12_h1_3_6_12,dynamic:1.3,True,True,highs
milp_h3,0,35.7477173175792,149.6375689898185,113.8898516722393,12,222,0.9972429318962815,7.292674500087742,25.32178645863799,0.4449095696834675,3,dynamic_1_3_p3_6_12_h1_3_6_12,dynamic:1.3,True,True,highs
milp_h3,1,35.103045515605615,146.7394196315495,111.6363741159439,6,226,0.881176477339384,8.198027700127568,28.46537395877628,-0.19976223229011936,3,dynamic_1_3_p3_6_12_h1_3_6_12,dynamic:1.3,True,True,highs
milp_h3,2,33.955278815429054,142.24249387066905,108.28721505524,9,232,0.9941687473146693,5.556305199977942,19.292726388812298,-1.3475289324666804,3,dynamic_1_3_p3_6_12_h1_3_6_12,dynamic:1.3,True,True,highs
milp_h3,3,35.799835571452675,149.94078473806846,114.14094916661578,12,221,0.9638649551674419,5.920093499706127,20.55588020731294,0.497027823556941,3,dynamic_1_3_p3_6_12_h1_3_6_12,dynamic:1.3,True,True,highs
milp_h3,4,38.49821689609506,161.49260697547413,122.99439007937907,9,230,0.9974657984207727,5.736637399008032,19.918879857666777,3.1954091481993245,3,dynamic_1_3_p3_6_12_h1_3_6_12,dynamic:1.3,True,True,highs
milp_h3,5,33.756043951526394,140.96207387727011,107.20602992574372,7,247,0.9682909955940991,12.40247109986376,43.064135763415834,-1.5467637963693406,3,dynamic_1_3_p3_6_12_h1_3_6_12,dynamic:1.3,True,True,highs
milp_h3,6,36.91526982520979,154.72191153972392,117.80664171451413,8,271,0.7958256023920445,10.574998399883043,36.71874444403834,1.6124620773140563,3,dynamic_1_3_p3_6_12_h1_3_6_12,dynamic:1.3,True,True,highs
milp_h3,7,27.84597393390675,115.86770113737603,88.02172720346928,7,220,0.9976654642346119,13.233185000310186,45.94855902885482,-7.456833813988986,3,dynamic_1_3_p3_6_12_h1_3_6_12,dynamic:1.3,True,True,highs
milp_h3,8,33.01806773470916,137.7150843087963,104.69701657408713,10,236,0.9983476799088206,12.79286599974148,44.41967361021347,-2.284740013186571,3,dynamic_1_3_p3_6_12_h1_3_6_12,dynamic:1.3,True,True,highs
milp_h3,9,41.92059893136721,176.0967521222979,134.17615319093068,8,260,0.9022295179933889,8.887418000551406,30.85909027969238,6.617791183471475,3,dynamic_1_3_p3_6_12_h1_3_6_12,dynamic:1.3,True,True,highs
milp_h6,0,36.001382395705534,150.79583319234942,114.79445079664389,12,221,0.8021981428954867,13.064347900100984,45.36231909757286,0.6985746478097994,3,dynamic_1_3_p3_6_12_h1_3_6_12,dynamic:1.3,True,True,highs
milp_h6,1,35.112277376331974,146.85888749329058,111.7466101169586,6,226,0.8231862900903624,17.05705930001568,59.22590034727667,-0.19053037156376007,3,dynamic_1_3_p3_6_12_h1_3_6_12,dynamic:1.3,True,True,highs
milp_h6,2,33.95494382878523,142.3691385246235,108.41419469583828,6,235,0.9968463421072966,12.061032999772578,41.878586804765895,-1.3478639191105017,3,dynamic_1_3_p3_6_12_h1_3_6_12,dynamic:1.3,True,True,highs
milp_h6,3,35.887496506343766,150.35903054194696,114.4715340356032,6,227,0.0,7.415113200200722,25.746920834030284,0.5846887584480314,3,dynamic_1_3_p3_6_12_h1_3_6_12,dynamic:1.3,True,True,highs
milp_h6,4,38.465649791908476,161.43032694995344,122.96467715804496,9,230,0.997617621616738,6.1825909002218395,21.467329514659166,3.1628420440127414,3,dynamic_1_3_p3_6_12_h1_3_6_12,dynamic:1.3,True,True,highs
milp_h6,5,33.760607958342135,141.02114388198206,107.26053592363992,9,245,0.9984597516172387,7.0458431003498845,24.464732987325988,-1.5421997895535995,3,dynamic_1_3_p3_6_12_h1_3_6_12,dynamic:1.3,True,True,highs
milp_h6,6,37.02683378372129,155.20527474040762,118.17844095668633,11,268,0.9978670514969769,6.028264299733564,20.931473262963763,1.7240260358255526,3,dynamic_1_3_p3_6_12_h1_3_6_12,dynamic:1.3,True,True,highs
milp_h6,7,27.950146060301478,116.35459739179771,88.40445133149623,8,219,0.7713141183429055,7.667424100334756,26.62300034838457,-7.3526616875942565,3,dynamic_1_3_p3_6_12_h1_3_6_12,dynamic:1.3,True,True,highs
milp_h6,8,32.948140846150295,137.4120677917079,104.4639269455576,11,235,0.6893358268024846,6.726416100165807,23.355611458909053,-2.354666901745439,3,dynamic_1_3_p3_6_12_h1_3_6_12,dynamic:1.3,True,True,highs
milp_h6,9,41.92059893136721,176.0967521222979,134.17615319093068,9,258,0.7801863104901497,7.6967606995604,26.724863540140277,6.617791183471475,3,dynamic_1_3_p3_6_12_h1_3_6_12,dynamic:1.3,True,True,highs
milp_h12,0,35.99680379607375,150.775992593945,114.77918879787126,12,221,0.8411077107798931,13.255576800729614,46.026308335866716,0.6939960481780147,3,dynamic_1_3_p3_6_12_h1_3_6_12,dynamic:1.3,True,True,highs
milp_h12,1,35.112277376331974,146.85888749329058,111.7466101169586,6,226,0.6531295380492209,14.486060300085228,50.29882048640704,-0.19053037156376007,3,dynamic_1_3_p3_6_12_h1_3_6_12,dynamic:1.3,True,True,highs
milp_h12,2,33.769373822658835,141.5650018314091,107.79562800875026,8,233,0.9971658125573828,11.306508599431254,39.258710414691855,-1.5334339252368991,3,dynamic_1_3_p3_6_12_h1_3_6_12,dynamic:1.3,True,True,highs
milp_h12,3,35.887496506343794,150.359030541947,114.4715340356032,7,226,0.9988614323107382,12.637006800388917,43.87849583468374,0.5846887584480598,3,dynamic_1_3_p3_6_12_h1_3_6_12,dynamic:1.3,True,True,highs
milp_h12,4,38.511966997087015,161.6704570737481,123.1584900766611,6,233,0.0,8.227335899719037,28.5671385406911,3.2091592491912806,3,dynamic_1_3_p3_6_12_h1_3_6_12,dynamic:1.3,True,True,highs
milp_h12,5,33.7281612947548,140.8805416731036,107.15238037834881,7,247,0.9741979716215119,6.599840801267419,22.916113893289648,-1.5746464531409359,3,dynamic_1_3_p3_6_12_h1_3_6_12,dynamic:1.3,True,True,highs
milp_h12,6,36.95518866727656,154.8948939351907,117.93970526791415,13,266,0.9114978476467707,5.302246800274588,18.4105791676201,1.6523809193808248,3,dynamic_1_3_p3_6_12_h1_3_6_12,dynamic:1.3,True,True,highs
milp_h12,7,27.954265148141076,116.40793047914713,88.45366533100605,10,217,0.8658555587327035,5.807201099465601,20.16389270647778,-7.3485425997546585,3,dynamic_1_3_p3_6_12_h1_3_6_12,dynamic:1.3,True,True,highs
milp_h12,8,33.09342252083228,138.0416209519029,104.94819843107062,7,239,0.8749189787954059,8.206430499441922,28.494550345284452,-2.209385227063457,3,dynamic_1_3_p3_6_12_h1_3_6_12,dynamic:1.3,True,True,highs
milp_h12,9,41.92059893136721,176.0967521222979,134.17615319093068,9,258,0.7268266080601989,6.899419599678367,23.956318054438775,6.617791183471475,3,dynamic_1_3_p3_6_12_h1_3_6_12,dynamic:1.3,True,True,highs
equal_share,0,21.727254108920846,94.15143447199036,72.42418036306951,8,225,0.9945230821795376,0.0020056008361279964,0.006963891792111099,-13.575553638974888,3,dynamic_1_3_p3_6_12_h1_3_6_12,dynamic:1.3,True,True,highs
equal_share,1,17.53002092547859,75.96342401040721,58.43340308492862,2,230,0.6406227845783328,0.0019056001910939813,0.006616667330187435,-17.772786822417146,3,dynamic_1_3_p3_6_12_h1_3_6_12,dynamic:1.3,True,True,highs
equal_share,2,18.02432030543342,78.1053879902115,60.08106768477808,3,238,0.9982376239275677,0.0018257994670420885,0.006339581482785029,-17.278487442462314,3,dynamic_1_3_p3_6_12_h1_3_6_12,dynamic:1.3,True,True,highs
equal_share,3,28.509785827617804,123.54240525301044,95.03261942539264,7,226,0.9978373259501343,0.0017263995250687003,0.0059944427953774315,-6.79302192027793,3,dynamic_1_3_p3_6_12_h1_3_6_12,dynamic:1.3,True,True,highs
equal_share,4,17.34923931525166,75.18003703275717,57.83079771750551,2,237,0.9966434284727544,0.0016860999749042094,0.005854513801750727,-17.953568432644076,3,dynamic_1_3_p3_6_12_h1_3_6_12,dynamic:1.3,True,True,highs
equal_share,5,22.448023673387283,97.27476925134489,74.82674557795761,6,248,0.9980665270160616,0.0018592998385429382,0.00645590221716298,-12.854784074508451,3,dynamic_1_3_p3_6_12_h1_3_6_12,dynamic:1.3,True,True,highs
equal_share,6,26.10572346699375,113.12480169030621,87.01907822331246,6,273,0.9969955671913019,0.0017099001561291516,0.005937153319892887,-9.197084280901983,3,dynamic_1_3_p3_6_12_h1_3_6_12,dynamic:1.3,True,True,highs
equal_share,7,26.27948869681329,113.87778435285759,87.5982956560443,9,218,0.8816116535195606,0.0017090998007915914,0.005934374308304137,-9.023319051082446,3,dynamic_1_3_p3_6_12_h1_3_6_12,dynamic:1.3,True,True,highs
equal_share,8,27.06209840054585,117.26909306903201,90.20699466848616,8,238,0.9980808153807884,0.0017390003777109087,0.006038195755940655,-8.240709347349885,3,dynamic_1_3_p3_6_12_h1_3_6_12,dynamic:1.3,True,True,highs
equal_share,9,39.98240557474551,173.25709082389716,133.27468524915164,10,257,0.7846772939730045,0.001734099816530943,0.006021179918510218,4.679597826849779,3,dynamic_1_3_p3_6_12_h1_3_6_12,dynamic:1.3,True,True,highs
max_charge,0,34.71455533981323,150.4297398058573,115.71518446604408,13,220,0.9954488652558668,0.0007666999590583146,0.0026621526356191477,-0.5882524080825036,3,dynamic_1_3_p3_6_12_h1_3_6_12,dynamic:1.3,True,True,highs
max_charge,1,33.59288053572179,145.5691489881277,111.9762684524059,11,221,0.9268824374094706,0.0007480999920517206,0.002597569416846252,-1.7099272121739446,3,dynamic_1_3_p3_6_12_h1_3_6_12,dynamic:1.3,True,True,highs
max_charge,2,32.58774844884873,141.21357661167778,108.62582816282905,7,234,0.9984183928156549,0.0007471995777450502,0.0025944429782814244,-2.715059299047006,3,dynamic_1_3_p3_6_12_h1_3_6_12,dynamic:1.3,True,True,highs
max_charge,3,34.40912220954897,149.10619624137877,114.6970740318298,11,222,0.7782526646569141,0.0007292999653145671,0.0025322915462311357,-0.8936855383467659,3,dynamic_1_3_p3_6_12_h1_3_6_12,dynamic:1.3,True,True,highs
max_charge,4,36.94754702299835,160.10603709965943,123.15849007666108,7,232,0.9969857748375461,0.000797399552538991,0.002768748446315941,1.6447392751026157,3,dynamic_1_3_p3_6_12_h1_3_6_12,dynamic:1.3,True,True,highs
max_charge,5,32.24629327446223,139.7339375226696,107.48764424820737,10,244,0.998378414143515,0.0007272000657394528,0.002525000228261989,-3.056514473433502,3,dynamic_1_3_p3_6_12_h1_3_6_12,dynamic:1.3,True,True,highs
max_charge,6,35.75158823877574,154.92354903469482,119.17196079591908,13,266,0.997153332064982,0.0007509997230954468,0.002607637927414746,0.4487804908800044,3,dynamic_1_3_p3_6_12_h1_3_6_12,dynamic:1.3,True,True,highs
max_charge,7,26.53609959930182,114.98976493030784,88.45366533100602,9,218,0.8816116535195606,0.0007426008232869208,0.002578475080857364,-8.766708148593914,3,dynamic_1_3_p3_6_12_h1_3_6_12,dynamic:1.3,True,True,highs
max_charge,8,31.719994513392464,137.45330955803394,105.73331504464147,11,235,0.8586881228052153,0.0007743999594822526,0.002688888748202266,-3.58281323450327,3,dynamic_1_3_p3_6_12_h1_3_6_12,dynamic:1.3,True,True,highs
max_charge,9,40.324120960533605,174.73785749564564,134.41373653511204,10,257,0.7846772939730045,0.0007788004586473107,0.0027041682591920514,5.021313212637871,3,dynamic_1_3_p3_6_12_h1_3_6_12,dynamic:1.3,True,True,highs
random,0,31.046297524680142,134.53395594028063,103.48765841560049,13,220,0.9974609166744965,0.007408099772874266,0.025722568655813422,-4.256510223215592,3,dynamic_1_3_p3_6_12_h1_3_6_12,dynamic:1.3,True,True,highs
random,1,29.018154658296638,125.74533685261875,96.72718219432211,8,224,0.9364387223217784,0.007294100592844188,0.025326738169597875,-6.284653089599097,3,dynamic_1_3_p3_6_12_h1_3_6_12,dynamic:1.3,True,True,highs
random,2,28.454686003303166,123.30363934764706,94.8489533443439,7,235,0.9974805827809454,0.006955699471291155,0.02415173427531651,-6.848121744592568,3,dynamic_1_3_p3_6_12_h1_3_6_12,dynamic:1.3,True,True,highs
random,3,30.56273198178178,132.4385052543877,101.87577327260593,9,224,0.9969770175034935,0.006928900664206594,0.024058682861828454,-4.740075766113954,3,dynamic_1_3_p3_6_12_h1_3_6_12,dynamic:1.3,True,True,highs
random,4,32.06180837166676,138.93450294388933,106.87269457222257,7,232,0.9980684761952595,0.006985399581026286,0.02425485965634127,-3.2409993762289773,3,dynamic_1_3_p3_6_12_h1_3_6_12,dynamic:1.3,True,True,highs
random,5,28.477902848059713,123.4042456749254,94.92634282686569,10,244,0.98678410191979,0.006845799565780908,0.023770137381183706,-6.824904899836021,3,dynamic_1_3_p3_6_12_h1_3_6_12,dynamic:1.3,True,True,highs
random,6,31.57105772433175,136.80791680543763,105.23685908110588,6,273,0.9995824738348882,0.006916400510817766,0.024015279551450577,-3.7317500235639827,3,dynamic_1_3_p3_6_12_h1_3_6_12,dynamic:1.3,True,True,highs
random,7,22.99356869965864,99.63879769852075,76.64522899886211,6,221,0.9978819240477697,0.0068382000317797065,0.023743750110346202,-12.309239048237096,3,dynamic_1_3_p3_6_12_h1_3_6_12,dynamic:1.3,True,True,highs
random,8,27.707372140540443,120.06527927567524,92.3579071351348,9,237,0.8350203009821946,0.006648600043263286,0.02308541681688641,-7.5954356073552916,3,dynamic_1_3_p3_6_12_h1_3_6_12,dynamic:1.3,True,True,highs
random,9,36.27113145886315,157.174902988407,120.90377152954386,10,257,0.9028904306784731,0.006688499765004963,0.02322395751737834,0.9683237109674181,3,dynamic_1_3_p3_6_12_h1_3_6_12,dynamic:1.3,True,True,highs
milp_h1,0,70.28707650141521,299.24899700778127,228.96192050636606,15,215,0.8017615748281814,2.518196999677457,8.743739582213392,1.4400865462068282,6,dynamic_1_3_p3_6_12_h1_3_6_12,dynamic:1.3,True,True,highs
milp_h1,1,68.30734414775054,290.6247137041775,222.31736955642697,16,214,0.9987245676375259,2.583440799731761,8.970280554624171,-0.5396458074578447,6,dynamic_1_3_p3_6_12_h1_3_6_12,dynamic:1.3,True,True,highs
milp_h1,2,65.97362948141307,280.9337285538376,214.96009907242455,15,223,0.997975326701361,2.724871900107246,9.46136076426127,-2.873360473795316,6,dynamic_1_3_p3_6_12_h1_3_6_12,dynamic:1.3,True,True,highs
milp_h1,3,70.06740224407585,298.4335736527688,228.36617140869296,11,219,0.7952736384620245,2.618336799845565,9.09144722168599,1.2204122888674647,6,dynamic_1_3_p3_6_12_h1_3_6_12,dynamic:1.3,True,True,highs
milp_h1,4,74.97260892693018,319.54830577575973,244.57569684882955,12,224,0.9969081448444731,2.589144099736586,8.990083679640925,6.125618971721792,6,dynamic_1_3_p3_6_12_h1_3_6_12,dynamic:1.3,True,True,highs
milp_h1,5,65.68892773808551,279.33790361902624,213.64897588094072,16,235,0.7069343633179429,2.5273292997153476,8.775448957344956,-3.1580622171228754,6,dynamic_1_3_p3_6_12_h1_3_6_12,dynamic:1.3,True,True,highs
milp_h1,6,71.86227983215187,306.11973589642855,234.25745606427668,15,261,0.9523389279105362,2.6635338999913074,9.24838159719204,3.015289876943484,6,dynamic_1_3_p3_6_12_h1_3_6_12,dynamic:1.3,True,True,highs
milp_h1,7,54.21391027443522,230.12875861299943,175.9148483385642,13,211,0.9969758136435166,2.540395599673502,8.820818054421883,-14.633079680773164,6,dynamic_1_3_p3_6_12_h1_3_6_12,dynamic:1.3,True,True,highs
milp_h1,8,64.12363182369208,272.4658365680565,208.3422047443644,19,224,0.8354817401636357,2.555377499316819,8.872838539294511,-4.7233581315163065,6,dynamic_1_3_p3_6_12_h1_3_6_12,dynamic:1.3,True,True,highs
milp_h1,9,81.99098088031508,349.7350739010721,267.744093020757,22,242,0.7434280033344504,2.5945949003798887,9.009010070763502,13.143990925106692,6,dynamic_1_3_p3_6_12_h1_3_6_12,dynamic:1.3,True,True,highs
milp_h3,0,70.349447761851,299.42067257119874,229.07122480934774,16,214,0.8586405587100286,4.114229900063947,14.285520486333148,1.5024578066426102,6,dynamic_1_3_p3_6_12_h1_3_6_12,dynamic:1.3,True,True,highs
milp_h3,1,68.30734414775054,290.6247137041775,222.31736955642697,16,213,0.9977363366404363,3.7323138005449437,12.959422918558833,-0.5396458074578447,6,dynamic_1_3_p3_6_12_h1_3_6_12,dynamic:1.3,True,True,highs
milp_h3,2,65.97360718009699,280.93370653508254,214.96009935498554,17,222,0.9986479112686939,3.2665524997282773,11.342196179612074,-2.873382775111395,6,dynamic_1_3_p3_6_12_h1_3_6_12,dynamic:1.3,True,True,highs
milp_h3,3,70.06740224407585,298.4335736527688,228.36617140869296,12,218,0.9982341880888763,3.8783288001432084,13.466419444941696,1.2204122888674647,6,dynamic_1_3_p3_6_12_h1_3_6_12,dynamic:1.3,True,True,highs
milp_h3,4,74.98400464270134,319.5779349984488,244.5939303557475,12,225,0.8288248696519611,4.211569399107248,14.623504858011277,6.13701468749295,6,dynamic_1_3_p3_6_12_h1_3_6_12,dynamic:1.3,True,True,highs
milp_h3,5,65.68892773808551,279.33790361902624,213.64897588094072,17,235,0.8734102276811714,3.568940399447456,12.392154164748112,-3.1580622171228754,6,dynamic_1_3_p3_6_12_h1_3_6_12,dynamic:1.3,True,True,highs
milp_h3,6,71.9366153084529,306.4419384062875,234.50532309783458,15,261,0.9128454450782635,3.280479499953799,11.390553819284024,3.0896253532445144,6,dynamic_1_3_p3_6_12_h1_3_6_12,dynamic:1.3,True,True,highs
milp_h3,7,54.21391027443522,230.12875861299943,175.9148483385642,12,212,0.9983966576044341,5.453997000295203,18.937489584358346,-14.633079680773164,6,dynamic_1_3_p3_6_12_h1_3_6_12,dynamic:1.3,True,True,highs
milp_h3,8,64.32800860537125,273.2915025853736,208.96349398000237,16,227,0.9967056891867941,4.364226400153711,15.153563889422609,-4.518981349837134,6,dynamic_1_3_p3_6_12_h1_3_6_12,dynamic:1.3,True,True,highs
milp_h3,9,81.99098088031513,349.7350739010721,267.74409302075696,16,248,0.802092992679165,5.729330999485683,19.893510414880843,13.143990925106749,6,dynamic_1_3_p3_6_12_h1_3_6_12,dynamic:1.3,True,True,highs
milp_h6,0,70.37449668181003,299.50948207034327,229.13498538853324,18,212,0.775752499500288,4.827416199899744,16.761861805207445,1.5275067266016435,6,dynamic_1_3_p3_6_12_h1_3_6_12,dynamic:1.3,True,True,highs
milp_h6,1,68.34865986695527,290.8038245560622,222.4551646891069,20,211,0.9981230793721293,4.6498471004888415,16.145302432252922,-0.49833008825311254,6,dynamic_1_3_p3_6_12_h1_3_6_12,dynamic:1.3,True,True,highs
milp_h6,2,65.97360705899936,280.9337065350825,214.96009947608312,20,220,0.9980756223360058,4.437182799272705,15.406884719696892,-2.873382896209023,6,dynamic_1_3_p3_6_12_h1_3_6_12,dynamic:1.3,True,True,highs
milp_h6,3,70.10731781941485,298.606619354112,228.49930153469717,15,215,0.9892222529410818,5.483760800561868,19.040836113062042,1.2603278642064595,6,dynamic_1_3_p3_6_12_h1_3_6_12,dynamic:1.3,True,True,highs
milp_h6,4,75.07745077226775,319.963114413045,244.88566364077724,13,223,0.9977608714934608,5.016728100308683,17.41919479273848,6.230460817059367,6,dynamic_1_3_p3_6_12_h1_3_6_12,dynamic:1.3,True,True,highs
milp_h6,5,65.83202803081124,279.89888335890856,214.06685532809732,15,238,0.8734227564521715,5.5450073991087265,19.253497913571966,-3.0149619243971415,6,dynamic_1_3_p3_6_12_h1_3_6_12,dynamic:1.3,True,True,highs
milp_h6,6,71.93661517924912,306.4419384062875,234.50532322703836,12,264,0.6139845403972263,4.73407289973693,16.437753124086562,3.0896252240407307,6,dynamic_1_3_p3_6_12_h1_3_6_12,dynamic:1.3,True,True,highs
milp_h6,7,54.28568085270089,230.42199230639457,176.13631145369368,13,211,0.9965057053808996,7.974607100361027,27.689607987364678,-14.561309102507494,6,dynamic_1_3_p3_6_12_h1_3_6_12,dynamic:1.3,True,True,highs
milp_h6,8,64.28948859766831,273.1045693927338,208.8150807950655,13,231,0.971211335110454,6.5398188989493065,22.707704510240646,-4.557501357540076,6,dynamic_1_3_p3_6_12_h1_3_6_12,dynamic:1.3,True,True,highs
milp_h6,9,82.03371861309614,349.92036164036193,267.8866430272658,16,248,0.802092992679165,8.650162700505462,30.035287154532853,13.186728657887755,6,dynamic_1_3_p3_6_12_h1_3_6_12,dynamic:1.3,True,True,highs
milp_h12,0,70.37449668181003,299.50948207034327,229.13498538853324,19,211,0.816852471316968,8.007659500115551,27.804373264290106,1.5275067266016435,6,dynamic_1_3_p3_6_12_h1_3_6_12,dynamic:1.3,True,True,highs
milp_h12,1,68.37164853205022,290.86355868624025,222.49191015419004,22,207,0.9791323381867459,8.47360990010202,29.422256597576457,-0.4753414231581701,6,dynamic_1_3_p3_6_12_h1_3_6_12,dynamic:1.3,True,True,highs
milp_h12,2,65.97360705899936,280.9337065350825,214.96009947608312,15,223,0.9977047225854018,7.096650100080296,24.64114618083436,-2.873382896209023,6,dynamic_1_3_p3_6_12_h1_3_6_12,dynamic:1.3,True,True,highs
milp_h12,3,70.10731781941485,298.606619354112,228.49930153469717,13,217,0.9986088065111405,7.724754800088704,26.822065278085777,1.2603278642064595,6,dynamic_1_3_p3_6_12_h1_3_6_12,dynamic:1.3,True,True,highs
milp_h12,4,75.14129251871117,320.2001728232861,245.05888030457493,14,222,0.9976572145824427,7.156647998956032,24.849472218597334,6.294302563502782,6,dynamic_1_3_p3_6_12_h1_3_6_12,dynamic:1.3,True,True,highs
milp_h12,5,65.81613033546608,279.8103109997018,213.99418066423573,17,234,0.7172387800443674,7.120695600984618,24.724637503418812,-3.0308596197423014,6,dynamic_1_3_p3_6_12_h1_3_6_12,dynamic:1.3,True,True,highs
milp_h12,6,71.93661517924912,306.4419384062875,234.50532322703836,11,265,0.999005515803777,7.479587300331332,25.97078923726157,3.0896252240407307,6,dynamic_1_3_p3_6_12_h1_3_6_12,dynamic:1.3,True,True,highs
milp_h12,7,54.27132676951052,230.34201955719112,176.0706927876806,14,210,0.9960995642569838,8.195138300477993,28.455341321104143,-14.575663185697863,6,dynamic_1_3_p3_6_12_h1_3_6_12,dynamic:1.3,True,True,highs
milp_h12,8,64.3534095264994,273.38156008433526,209.02815055783586,17,227,0.9976841195468659,9.029789599822834,31.353436110495952,-4.493580428708981,6,dynamic_1_3_p3_6_12_h1_3_6_12,dynamic:1.3,True,True,highs
milp_h12,9,82.12405513037322,350.22927487960135,268.1052197492281,16,248,0.8043641933003784,12.503394999424927,43.41456597022544,13.277065175164836,6,dynamic_1_3_p3_6_12_h1_3_6_12,dynamic:1.3,True,True,highs
equal_share,0,53.930112452704805,233.69715396172083,179.76704150901602,19,211,0.47239527559058797,0.002151800086721778,0.007471528078895062,-14.916877502503581,6,dynamic_1_3_p3_6_12_h1_3_6_12,dynamic:1.3,True,True,highs
equal_share,1,53.94784752428359,233.77400593856228,179.8261584142787,19,210,0.9240221560737132,0.0021510999649763107,0.00746909710061219,-14.899142430924798,6,dynamic_1_3_p3_6_12_h1_3_6_12,dynamic:1.3,True,True,highs
equal_share,2,54.568915395366844,236.46530004658965,181.8963846512228,15,223,0.9968673428093261,0.002106899570208043,0.007315623507666815,-14.278074559841542,6,dynamic_1_3_p3_6_12_h1_3_6_12,dynamic:1.3,True,True,highs
equal_share,3,60.537994009777435,262.3313073757021,201.7933133659247,19,211,0.8872156023162154,0.002120600489433855,0.007363196143867551,-8.30899594543095,6,dynamic_1_3_p3_6_12_h1_3_6_12,dynamic:1.3,True,True,highs
equal_share,4,50.03514063153034,216.81894273663144,166.7838021051011,8,228,0.9972995497434946,0.002115000272169709,0.007343750945033712,-18.811849323678047,6,dynamic_1_3_p3_6_12_h1_3_6_12,dynamic:1.3,True,True,highs
equal_share,5,50.1834277048589,217.46152005438861,167.27809234952971,12,239,0.7289236974547028,0.0020856002811342478,0.007241667642827249,-18.663562250349486,6,dynamic_1_3_p3_6_12_h1_3_6_12,dynamic:1.3,True,True,highs
equal_share,6,45.18560808139418,195.80430168604144,150.61869360464726,6,270,0.9933597209196346,0.0021240002242848277,0.0073750007787667625,-23.661381873814207,6,dynamic_1_3_p3_6_12_h1_3_6_12,dynamic:1.3,True,True,highs
equal_share,7,41.326609737369864,179.08197552860273,137.75536579123286,18,206,0.900275997239176,0.002183500153478235,0.007581597755132761,-27.52038021783852,6,dynamic_1_3_p3_6_12_h1_3_6_12,dynamic:1.3,True,True,highs
equal_share,8,54.03999294691229,234.17330276995327,180.13330982304097,15,228,0.997682670197846,0.0021133004338480532,0.007337848728639074,-14.806997008296094,6,dynamic_1_3_p3_6_12_h1_3_6_12,dynamic:1.3,True,True,highs
equal_share,9,62.409564757596684,270.44144728291883,208.03188252532215,17,247,0.8298865514320928,0.0021216999739408493,0.0073670137984057265,-6.437425197611702,6,dynamic_1_3_p3_6_12_h1_3_6_12,dynamic:1.3,True,True,highs
max_charge,0,69.04108148336408,299.1780197612444,230.13693827788032,27,203,0.6793857851814975,0.0008680996834300458,0.0030142350119098816,0.19409152815569541,6,dynamic_1_3_p3_6_12_h1_3_6_12,dynamic:1.3,True,True,highs
max_charge,1,66.95426546931267,290.13515036702154,223.18088489770886,25,204,0.937884020538042,0.0008616000413894653,0.002991666810380088,-1.8927244858957124,6,dynamic_1_3_p3_6_12_h1_3_6_12,dynamic:1.3,True,True,highs
max_charge,2,64.83087567925455,280.93379461010295,216.1029189308484,18,220,0.997653273212586,0.0008446002029813826,0.0029326395936853564,-4.016114275953839,6,dynamic_1_3_p3_6_12_h1_3_6_12,dynamic:1.3,True,True,highs
max_charge,3,68.70954642117024,297.741367825071,229.03182140390075,23,207,0.8872156023162154,0.0008565997122786939,0.002974304556523243,-0.13744353403814102,6,dynamic_1_3_p3_6_12_h1_3_6_12,dynamic:1.3,True,True,highs
max_charge,4,73.68176404952999,319.28764421463006,245.60588016510007,18,218,0.9960543472322695,0.0008483995334245265,0.002945831713279606,4.834774094321602,6,dynamic_1_3_p3_6_12_h1_3_6_12,dynamic:1.3,True,True,highs
max_charge,5,64.33451915502548,278.7829163384437,214.44839718341825,16,235,0.7793579642651576,0.0008302006754092872,0.002882641234060025,-4.512470800182911,6,dynamic_1_3_p3_6_12_h1_3_6_12,dynamic:1.3,True,True,highs
max_charge,6,70.71739246845246,306.4420340299606,235.72464156150815,17,259,0.9969510615758187,0.0008259005844593048,0.0028677103627059194,1.8704025132440734,6,dynamic_1_3_p3_6_12_h1_3_6_12,dynamic:1.3,True,True,highs
max_charge,7,52.94424279987811,229.42505213280515,176.48080933292704,28,196,0.9250619163612622,0.0008437000215053558,0.002929513963560263,-15.902747155330275,6,dynamic_1_3_p3_6_12_h1_3_6_12,dynamic:1.3,True,True,highs
max_charge,8,63.01325503170489,273.0574384707212,210.0441834390163,22,221,0.9348185469870951,0.0008770992862991989,0.0030454836329833293,-5.833734923503499,6,dynamic_1_3_p3_6_12_h1_3_6_12,dynamic:1.3,True,True,highs
max_charge,9,80.55700991690156,349.0803763065735,268.52336638967193,25,239,0.8679675299143553,0.0008602002053521574,0.00298680626858388,11.710019961693177,6,dynamic_1_3_p3_6_12_h1_3_6_12,dynamic:1.3,True,True,highs
random,0,63.62393677325241,275.7037260174272,212.07978924417478,16,214,0.7880842132382497,0.009132499864790589,0.03171006897496732,-5.223053181955976,6,dynamic_1_3_p3_6_12_h1_3_6_12,dynamic:1.3,True,True,highs
random,1,61.09887335240256,264.76178452707774,203.66291117467517,23,206,0.8855886189259965,0.008892798970919102,0.030877774204580218,-7.748116602805823,6,dynamic_1_3_p3_6_12_h1_3_6_12,dynamic:1.3,True,True,highs
random,2,59.06447639340345,255.94606437141496,196.8815879780115,21,217,0.8978772836237309,0.00873370043700561,0.03032534873960281,-9.782513561804933,6,dynamic_1_3_p3_6_12_h1_3_6_12,dynamic:1.3,True,True,highs
random,3,62.62270652499225,271.36506160829975,208.7423550833075,18,212,0.806364429391967,0.008959599945228547,0.031109722032043565,-6.224283430216133,6,dynamic_1_3_p3_6_12_h1_3_6_12,dynamic:1.3,True,True,highs
random,4,67.89951526617193,294.2312328200784,226.33171755390646,13,223,0.9981599133732412,0.009278000157792121,0.03221527832566709,-0.9474746890364543,6,dynamic_1_3_p3_6_12_h1_3_6_12,dynamic:1.3,True,True,highs
random,5,59.4668707889854,257.68977341893674,198.22290262995134,21,231,0.8688070120090714,0.008982900471892208,0.031190626638514612,-9.380119166222983,6,dynamic_1_3_p3_6_12_h1_3_6_12,dynamic:1.3,True,True,highs
random,6,64.69782544133142,280.3572435791028,215.6594181377714,17,259,0.9977133012325274,0.008903799811378121,0.030915971567285143,-4.149164513876968,6,dynamic_1_3_p3_6_12_h1_3_6_12,dynamic:1.3,True,True,highs
random,7,48.94350314164805,212.0885136138082,163.14501047216015,20,204,0.8336833100626214,0.008995699870865792,0.03123506899606178,-19.903486813560335,6,dynamic_1_3_p3_6_12_h1_3_6_12,dynamic:1.3,True,True,highs
random,8,58.43065281218645,253.19949551947468,194.76884270728823,17,226,0.9970029220740679,0.008626199560239911,0.02995208180638858,-10.416337143021934,6,dynamic_1_3_p3_6_12_h1_3_6_12,dynamic:1.3,True,True,highs
random,9,74.94579858677585,324.765127209362,249.81932862258614,24,241,0.8254615646974995,0.009147200267761946,0.03176111204084009,6.098808631567465,6,dynamic_1_3_p3_6_12_h1_3_6_12,dynamic:1.3,True,True,highs
milp_h1,0,137.72685463474454,591.4880355855419,453.7611809507973,27,197,0.7614741961393285,4.392790400190279,15.252744445105135,2.8137438634155956,12,dynamic_1_3_p3_6_12_h1_3_6_12,dynamic:1.3,True,True,highs
milp_h1,1,134.53680791039147,577.6190566756216,443.0822487652301,23,200,0.9343648261965195,3.3619361999444664,11.673389583140509,-0.37630286093747145,12,dynamic_1_3_p3_6_12_h1_3_6_12,dynamic:1.3,True,True,highs
milp_h1,2,128.6194327017305,552.3988758418795,423.77944314014906,23,209,0.8466661931196366,2.8437485996983014,9.874127082285769,-6.293678069598457,12,dynamic_1_3_p3_6_12_h1_3_6_12,dynamic:1.3,True,True,highs
milp_h1,3,138.23111566917572,593.8096651615348,455.57854949235906,24,200,0.8540206487927201,2.7682480004732497,9.61197222386545,3.3180048978467767,12,dynamic_1_3_p3_6_12_h1_3_6_12,dynamic:1.3,True,True,highs
milp_h1,4,147.04072324445463,631.8434678183655,484.8027445739109,22,208,0.9768260191803735,2.932113499904517,10.18094965244624,12.12761247312568,12,dynamic_1_3_p3_6_12_h1_3_6_12,dynamic:1.3,True,True,highs
milp_h1,5,128.72875168036813,552.5104740355844,423.78172235521623,31,214,0.8397502273736426,2.8056863001547754,9.74196631998186,-6.184359090960811,12,dynamic_1_3_p3_6_12_h1_3_6_12,dynamic:1.3,True,True,highs
milp_h1,6,140.63937009257933,604.1537936916142,463.51442359903484,28,242,0.9394916378367747,2.8398318006074987,9.860527085442705,5.726259321250382,12,dynamic_1_3_p3_6_12_h1_3_6_12,dynamic:1.3,True,True,highs
milp_h1,7,106.10005230192269,454.9687073987786,348.8686550968559,27,191,0.8289741770584006,2.858728600142058,9.92614097271548,-28.813058469406258,12,dynamic_1_3_p3_6_12_h1_3_6_12,dynamic:1.3,True,True,highs
milp_h1,8,126.22041566523001,541.5518998813875,415.3314842161575,25,212,0.8331616860775617,3.032423399563413,10.52924791515074,-8.692695106098938,12,dynamic_1_3_p3_6_12_h1_3_6_12,dynamic:1.3,True,True,highs
milp_h1,9,161.17665992492653,692.8730164277217,531.6963565027952,27,231,0.7941206576722386,2.874085999908857,9.979465277461308,26.26354915359758,12,dynamic_1_3_p3_6_12_h1_3_6_12,dynamic:1.3,True,True,highs
milp_h3,0,137.72683095796413,591.488012473397,453.7611815154329,30,197,0.8927522144336487,5.114713899500202,17.75942326215348,2.81372018663518,12,dynamic_1_3_p3_6_12_h1_3_6_12,dynamic:1.3,True,True,highs
milp_h3,1,134.57812362959623,577.7981675275063,443.22004389791005,31,197,0.9313624941444133,4.684292099904269,16.2649031246676,-0.3349871417327108,12,dynamic_1_3_p3_6_12_h1_3_6_12,dynamic:1.3,True,True,highs
milp_h3,2,128.61941054447402,552.398854447383,423.77944390290895,27,207,0.9205896369742562,4.936301099543925,17.13993437341641,-6.293700226854924,12,dynamic_1_3_p3_6_12_h1_3_6_12,dynamic:1.3,True,True,highs
milp_h3,3,138.2710312445147,593.982710862878,455.7116796183633,25,200,0.8149824679004796,4.544372499920428,15.779071180279264,3.357920473185743,12,dynamic_1_3_p3_6_12_h1_3_6_12,dynamic:1.3,True,True,highs
milp_h3,4,147.0406980592889,631.8434431331239,484.80274507383496,30,202,0.9325837753162671,4.420741300447844,15.34979618211057,12.127587287959955,12,dynamic_1_3_p3_6_12_h1_3_6_12,dynamic:1.3,True,True,highs
milp_h3,5,128.7287297079891,552.5104525615685,423.7817228535794,29,218,0.7939496987369892,6.391466499888338,22.192592013501173,-6.184381063339856,12,dynamic_1_3_p3_6_12_h1_3_6_12,dynamic:1.3,True,True,highs
milp_h3,6,140.6393457018856,604.1537701111621,463.5144244092765,25,245,0.9030704043170346,4.749372100108303,16.490875347598276,5.726234930556643,12,dynamic_1_3_p3_6_12_h1_3_6_12,dynamic:1.3,True,True,highs
milp_h3,7,106.10003441786512,454.9686898080593,348.8686553901942,30,189,0.8798169824622208,4.594103200768586,15.951747224890925,-28.813076353463828,12,dynamic_1_3_p3_6_12_h1_3_6_12,dynamic:1.3,True,True,highs
milp_h3,8,126.22039396501498,541.5518786216111,415.3314846565961,31,206,0.8845147495191377,4.381090599519666,15.212120137221063,-8.692716806313967,12,dynamic_1_3_p3_6_12_h1_3_6_12,dynamic:1.3,True,True,highs
milp_h3,9,161.17663237933073,692.8729893352802,531.6963569559495,30,229,0.6830430184480626,4.894491000333801,16.9947604178257,26.26352160800178,12,dynamic_1_3_p3_6_12_h1_3_6_12,dynamic:1.3,True,True,highs
milp_h6,0,137.7268308276636,591.488012473397,453.7611816457334,26,201,0.9397132908729081,6.804624199518003,23.627167359437507,2.8137200563346596,12,dynamic_1_3_p3_6_12_h1_3_6_12,dynamic:1.3,True,True,highs
milp_h6,1,134.60800204475464,577.9474684085088,443.3394663637542,29,197,0.9879665305665289,7.080354799923953,24.584565277513725,-0.30510872657430355,12,dynamic_1_3_p3_6_12_h1_3_6_12,dynamic:1.3,True,True,highs
milp_h6,2,128.61941042337645,552.398854447383,423.7794440240065,30,204,0.82856228711667,7.919126900436822,27.49696840429452,-6.293700347952495,12,dynamic_1_3_p3_6_12_h1_3_6_12,dynamic:1.3,True,True,highs
milp_h6,3,137.85807947666,592.1932537523459,454.33517427568586,25,199,0.9511310656146246,6.989878900174517,24.270412847828183,2.944968705331064,12,dynamic_1_3_p3_6_12_h1_3_6_12,dynamic:1.3,True,True,highs
milp_h6,4,146.976492022539,631.565217539006,484.588725516467,32,198,0.9458320394098165,6.897738499741536,23.950480901880333,12.063381251210046,12,dynamic_1_3_p3_6_12_h1_3_6_12,dynamic:1.3,True,True,highs
milp_h6,5,128.72872957803668,552.5104525615685,423.78172298353184,37,209,0.8902172409015413,6.672933200025,23.16990694453125,-6.184381193292268,12,dynamic_1_3_p3_6_12_h1_3_6_12,dynamic:1.3,True,True,highs
milp_h6,6,140.63934557268175,604.1537701111621,463.51442453848034,25,245,0.9476438188780641,7.180564899521414,24.932517012227134,5.726234801352803,12,dynamic_1_3_p3_6_12_h1_3_6_12,dynamic:1.3,True,True,highs
milp_h6,7,106.10003414408271,454.9686898080593,348.8686556639766,27,191,0.8949678221143839,7.196139600127935,24.986595833777553,-28.813076627246232,12,dynamic_1_3_p3_6_12_h1_3_6_12,dynamic:1.3,True,True,highs
milp_h6,8,126.22039383288342,541.5518786216111,415.33148478872766,28,210,0.8976171768958588,6.423288199875969,22.303084027347115,-8.692716938445528,12,dynamic_1_3_p3_6_12_h1_3_6_12,dynamic:1.3,True,True,highs
milp_h6,9,161.17663224338446,692.8729893352802,531.6963570918957,28,231,0.837919746118799,7.2032548998249695,25.011301735503366,26.263521472055515,12,dynamic_1_3_p3_6_12_h1_3_6_12,dynamic:1.3,True,True,highs
milp_h12,0,137.7268308276635,591.4880124733969,453.7611816457334,24,201,0.8800776992630522,11.647050000610761,40.44114583545403,2.813720056334546,12,dynamic_1_3_p3_6_12_h1_3_6_12,dynamic:1.3,True,True,highs
milp_h12,1,134.60800204475453,577.9474684085087,443.3394663637542,32,192,0.9169048532375229,11.060348399390932,38.40398749788518,-0.30510872657441723,12,dynamic_1_3_p3_6_12_h1_3_6_12,dynamic:1.3,True,True,highs
milp_h12,2,128.61941042337645,552.398854447383,423.7794440240065,24,210,0.8928984432252199,11.713552199944388,40.6720562498069,-6.293700347952495,12,dynamic_1_3_p3_6_12_h1_3_6_12,dynamic:1.3,True,True,highs
milp_h12,3,138.271031117552,593.982710862878,455.71167974532597,19,206,0.8077638062146372,10.783198800054379,37.44166250018881,3.357920346223068,12,dynamic_1_3_p3_6_12_h1_3_6_12,dynamic:1.3,True,True,highs
milp_h12,4,147.04069792887395,631.8434431331239,484.8027452042499,37,194,0.8564509721941567,9871.85326959932,34277.26829721986,12.127587157545008,12,dynamic_1_3_p3_6_12_h1_3_6_12,dynamic:1.3,True,True,highs
milp_h12,5,128.72872957803668,552.5104525615685,423.78172298353184,39,209,0.8610100449473852,37.058338099799585,128.67478506874855,-6.184381193292268,12,dynamic_1_3_p3_6_12_h1_3_6_12,dynamic:1.3,True,True,highs
milp_h12,6,140.63934557268175,604.1537701111621,463.51442453848034,30,240,0.912764230019801,41.88572819973342,145.43655624907439,5.726234801352803,12,dynamic_1_3_p3_6_12_h1_3_6_12,dynamic:1.3,True,True,highs
milp_h12,7,106.10003414408271,454.9686898080593,348.8686556639766,24,194,0.8532388896467182,41.572565799346194,144.3491868032854,-28.813076627246232,12,dynamic_1_3_p3_6_12_h1_3_6_12,dynamic:1.3,True,True,highs
milp_h12,8,126.22039383288342,541.5518786216111,415.33148478872766,24,215,0.8750767637996385,37.1367424998316,128.94702256885972,-8.692716938445528,12,dynamic_1_3_p3_6_12_h1_3_6_12,dynamic:1.3,True,True,highs
milp_h12,9,161.17663224338446,692.8729893352802,531.6963570918957,21,239,0.7319899710711,42.01983780018054,145.90221458396022,26.263521472055515,12,dynamic_1_3_p3_6_12_h1_3_6_12,dynamic:1.3,True,True,highs
equal_share,0,117.53585142358469,509.32202283553346,391.78617141194877,35,191,0.8946870983562462,0.009915799193549901,0.03442985831093716,-17.377259347744257,12,dynamic_1_3_p3_6_12_h1_3_6_12,dynamic:1.3,True,True,highs
equal_share,1,90.33967881956482,391.4719415514475,301.1322627318827,20,203,0.9319321660757488,0.00969820044701919,0.03367430710770552,-44.57343195176412,12,dynamic_1_3_p3_6_12_h1_3_6_12,dynamic:1.3,True,True,highs
equal_share,2,99.69938294342961,432.03065942152836,332.33127647809874,29,203,0.926687188566079,0.010013500868808478,0.03476910023891833,-35.21372782789933,12,dynamic_1_3_p3_6_12_h1_3_6_12,dynamic:1.3,True,True,highs
equal_share,3,106.68810734680181,462.3151318361411,355.6270244893393,27,197,0.9150407010732791,0.009915400238242,0.03442847304945139,-28.22500342452713,12,dynamic_1_3_p3_6_12_h1_3_6_12,dynamic:1.3,True,True,highs
equal_share,4,120.04237506284011,520.1836252723068,400.1412502094667,33,197,0.9854542398761454,0.005122799950186163,0.01778749982703529,-14.870735708488837,12,dynamic_1_3_p3_6_12_h1_3_6_12,dynamic:1.3,True,True,highs
equal_share,5,104.31123696945735,452.0153602009818,347.7041232315244,30,215,0.762118317022892,0.008476500166580081,0.029432292245069727,-30.60187380187159,12,dynamic_1_3_p3_6_12_h1_3_6_12,dynamic:1.3,True,True,highs
equal_share,6,107.59472174923934,466.24379424670377,358.64907249746443,30,240,0.9956255765621396,0.009811899275518954,0.034069094706663035,-27.318389022089605,12,dynamic_1_3_p3_6_12_h1_3_6_12,dynamic:1.3,True,True,highs
equal_share,7,90.65075714520054,392.81994762920226,302.1691904840017,28,190,0.8678885014045212,0.00976159906713292,0.03389444120532264,-44.2623536261284,12,dynamic_1_3_p3_6_12_h1_3_6_12,dynamic:1.3,True,True,highs
equal_share,8,106.89422010999812,463.2082871433253,356.3140670333272,30,207,0.9274483617068574,0.00984629977028817,0.03418854086905614,-28.01889066133083,12,dynamic_1_3_p3_6_12_h1_3_6_12,dynamic:1.3,True,True,highs
equal_share,9,127.01855700129386,550.4137470056068,423.3951900043129,24,234,0.8304089562161278,0.009536099969409406,0.033111458227115996,-7.894553770035088,12,dynamic_1_3_p3_6_12_h1_3_6_12,dynamic:1.3,True,True,highs
max_charge,0,136.49725498199462,591.4881049219766,454.990849939982,39,187,0.8955688183530749,0.0034606996341608465,0.012016318174169606,1.58414421066567,12,dynamic_1_3_p3_6_12_h1_3_6_12,dynamic:1.3,True,True,highs
max_charge,1,133.2360913324356,577.3563957738876,444.120304441452,41,182,0.964782600386167,0.0038006994291208684,0.013196873017780794,-1.6770194388933533,12,dynamic_1_3_p3_6_12_h1_3_6_12,dynamic:1.3,True,True,highs
max_charge,2,127.4766784673929,552.3989400253693,424.92226155797636,35,197,0.9057877148929259,0.003468100563623011,0.012042015845913233,-7.436432303936044,12,dynamic_1_3_p3_6_12_h1_3_6_12,dynamic:1.3,True,True,highs
max_charge,3,136.93982484579084,593.4059076650937,456.4660828193028,37,187,0.9389401162033668,0.0019924999214708805,0.006918402505107224,2.026714074461893,12,dynamic_1_3_p3_6_12_h1_3_6_12,dynamic:1.3,True,True,highs
max_charge,4,145.81004812479017,631.8435418740908,486.0334937493006,43,187,0.9089711971686169,0.0018744999542832375,0.006508680396816797,10.896937353461226,12,dynamic_1_3_p3_6_12_h1_3_6_12,dynamic:1.3,True,True,highs
max_charge,5,127.50243195176125,552.510538457632,425.0081065058708,43,203,0.8495210074102768,0.0018977001309394836,0.006589236565762096,-7.410678819567693,12,dynamic_1_3_p3_6_12_h1_3_6_12,dynamic:1.3,True,True,highs
max_charge,6,139.42012256145478,604.1538644329706,464.73374187151586,41,229,0.9961480287547907,0.0020352996070869267,0.0070670125246073846,4.50701179012583,12,dynamic_1_3_p3_6_12_h1_3_6_12,dynamic:1.3,True,True,highs
max_charge,7,104.99279080867768,454.96876017093655,349.97596936225887,35,183,0.8797805945475088,0.001979100168682635,0.006871875585703593,-29.920319962651263,12,dynamic_1_3_p3_6_12_h1_3_6_12,dynamic:1.3,True,True,highs
max_charge,8,124.97353007555012,541.551963660717,416.57843358516686,40,197,0.9516399793644877,0.0021039999555796385,0.007305555401318189,-9.93958069577883,12,dynamic_1_3_p3_6_12_h1_3_6_12,dynamic:1.3,True,True,highs
max_charge,9,159.89379177808758,692.8730977050462,532.9793059269587,38,220,0.8831937883083713,0.003914199711289257,0.013590971219754364,24.98068100675863,12,dynamic_1_3_p3_6_12_h1_3_6_12,dynamic:1.3,True,True,highs
random,0,128.93140793934663,558.7027677371688,429.77135979782213,27,197,0.9267018307547666,0.031199499149806798,0.10833159427016249,-5.981702831982318,12,dynamic_1_3_p3_6_12_h1_3_6_12,dynamic:1.3,True,True,highs
random,1,124.04745099409513,537.5389543077455,413.49150331365036,33,190,0.9805889465021793,0.024385700351558626,0.08467257066513412,-10.865659777233816,12,dynamic_1_3_p3_6_12_h1_3_6_12,dynamic:1.3,True,True,highs
random,2,119.62223754131685,518.3630293457061,398.74079180438923,37,196,0.8989311506656457,0.040211300540249795,0.13962257132031178,-15.290873230012096,12,dynamic_1_3_p3_6_12_h1_3_6_12,dynamic:1.3,True,True,highs
random,3,130.1995929470882,564.1982361040489,433.99864315696067,31,193,0.8980621227444959,0.03798550000647083,0.13189409724469037,-4.713517824240739,12,dynamic_1_3_p3_6_12_h1_3_6_12,dynamic:1.3,True,True,highs
random,4,137.4342431002782,595.548386767872,458.1141436675938,40,190,0.9051691923046126,0.04172749986173585,0.14488715229769392,2.5211323289492498,12,dynamic_1_3_p3_6_12_h1_3_6_12,dynamic:1.3,True,True,highs
random,5,120.47903295460083,522.075809469937,401.59677651533616,43,202,0.8035660380687493,0.041125999530777335,0.14279860948186573,-14.43407781672812,12,dynamic_1_3_p3_6_12_h1_3_6_12,dynamic:1.3,True,True,highs
random,6,130.7739986190271,566.6873273491173,435.91332873009014,32,238,0.9977409785703018,0.04138810024596751,0.1437086814096094,-4.139112152301834,12,dynamic_1_3_p3_6_12_h1_3_6_12,dynamic:1.3,True,True,highs
random,7,97.33846059611386,421.79999591649334,324.4615353203795,32,186,0.8849649544840429,0.039975500490982085,0.13880382114924336,-37.57465017521508,12,dynamic_1_3_p3_6_12_h1_3_6_12,dynamic:1.3,True,True,highs
random,8,118.6290790906894,514.0593427263204,395.43026363563104,34,203,0.9273255720517938,0.041855999967083335,0.14533333321903935,-16.284031680639544,12,dynamic_1_3_p3_6_12_h1_3_6_12,dynamic:1.3,True,True,highs
random,9,148.70381071909475,644.3831797827439,495.6793690636492,33,225,0.7934576297607909,0.04066010034875944,0.14118090398874805,13.790699947765802,12,dynamic_1_3_p3_6_12_h1_3_6_12,dynamic:1.3,True,True,highs
